_id,ltable_ID,rtable_ID,ltable_name,ltable_address,ltable_zipcode,ltable_cuisine,rtable_name,rtable_address,rtable_zipcode,rtable_cuisine
3536,20,6425,smithfield,"138 w 25th st, ,",10001,pubs american (traditional) sports bars,smithfield hall,138 w 25th st,10001,american
4421,23,13401,muk eun ji,"34 w 32nd st, fl 1,",10001,korean barbeque,space billard,34 w 32nd st,10001,korean
5190,28,10668,lemony,"224 w 35th st, ,",10001,greek salad desserts,sushi fussion,224 w 35th st,10001,jewish/kosher
5240,28,4900,lemony,"224 w 35th st, ,",10001,greek salad desserts,sushi fussion,224 w 35th st,10001,jewish/kosher
5249,28,12576,lemony,"224 w 35th st, ,",10001,greek salad desserts,sushi fussion,224 w 35th st,10001,jewish/kosher
5578,29,17845,cajunsea & oyster bar,"32 w 33rd st,",10001,cajun/creole seafood breakfast & brunch,cajun sea,32 w 33rd st,10001,seafood
6227,32,3979,stella 34 trattoria,"macy's 6th floor - 35th broadway entrance, 151 w 34th st,",10001,italian pizza cocktail bars,"auntie anne's pretzels, pinkberry",151 w 34th st,10001,hotdogs/pretzels
6288,32,13397,stella 34 trattoria,"macy's 6th floor - 35th broadway entrance, 151 w 34th st,",10001,italian pizza cocktail bars,just salad,151 w 34th st,10001,salads
6422,32,13387,stella 34 trattoria,"macy's 6th floor - 35th broadway entrance, 151 w 34th st,",10001,italian pizza cocktail bars,rowland's bar and grill/chef street,151 w 34th st,10001,american
7824,42,13575,deweys pub,"135 w 30th st, ,",10001,gastropubs,courtyard by marriott manhattan chelsea,135 w 30th st,10001,american
9721,51,7425,kobeque,"11 w 32nd st, ,",10001,korean barbeque,food gallery 32,11 w 32nd st,10001,korean
9786,51,3646,kobeque,"11 w 32nd st, ,",10001,korean barbeque,maru,11 w 32nd st,10001,korean
9930,51,21402,kobeque,"11 w 32nd st, ,",10001,korean barbeque,food gallery 32,11 w 32nd st,10001,korean
11095,61,13489,b&b restaurant corp,"165 w 26th st, ,",10001,african,sid gold's request room,165 w 26th st,10001,american
11415,62,13401,seoul garden,"34 w 32nd st, 2nd fl,",10001,korean,space billard,34 w 32nd st,10001,korean
11912,67,14139,johny's luncheonette,"124 w 25th st, ,",10001,american (traditional) diners breakfast & brunch,perpetuum cafe,124 w 25th st,10001,cafã©/coffee/tea
12015,67,5830,johny's luncheonette,"124 w 25th st, ,",10001,american (traditional) diners breakfast & brunch,perpetuum cafe,124 w 25th st,10001,cafã©/coffee/tea
12245,68,10152,a little taste,"148 w 28th st, ,",10001,cafes,alt - a little taste,148 w 28th st,10001,american
14592,80,13489,sid gold's request room,"165 w 26th st, ,",10001,cocktail bars desserts pizza,sid gold's request room,165 w 26th st,10001,american
17413,92,6956,american whiskey,"247 w 30th st, ,",10001,american (new) cocktail bars sports bars,american whiskey,247 w 30th st,10001,american
18846,99,17550,the vine - eventi hotel,"851 avenue of the americas, ,",10001,american (new) bars,starbucks,776 avenue of the americas,10001,cafã©/coffee/tea
18861,99,20648,the vine - eventi hotel,"851 avenue of the americas, ,",10001,american (new) bars,koffeecake corner,775 avenue of the americas,10001,cafã©/coffee/tea
18912,99,13097,the vine - eventi hotel,"851 avenue of the americas, ,",10001,american (new) bars,koffeecake corner,775 avenue of the americas,10001,cafã©/coffee/tea
19010,99,18588,the vine - eventi hotel,"851 avenue of the americas, ,",10001,american (new) bars,koffeecake corner,775 avenue of the americas,10001,cafã©/coffee/tea
20523,108,10668,sushi fussion nyc,"224 w 35th st, ,",10001,sushi bars asian fusion,sushi fussion,224 w 35th st,10001,jewish/kosher
20573,108,4900,sushi fussion nyc,"224 w 35th st, ,",10001,sushi bars asian fusion,sushi fussion,224 w 35th st,10001,jewish/kosher
20582,108,12576,sushi fussion nyc,"224 w 35th st, ,",10001,sushi bars asian fusion,sushi fussion,224 w 35th st,10001,jewish/kosher
25672,132,13401,turntable coffee & music,"34 w 32nd st, fl 5",10001,coffee & tea american (traditional) cafes,space billard,34 w 32nd st,10001,korean
26524,137,2556,contorno's restaurant,"30 w 31st st,",10001,italian breakfast & brunch diners,hyatt herald square,30 w 31st st,10001,american
28362,149,13401,turntable coffee & music,"34 w 32nd st, fl 5",10001,coffee & tea american (traditional) cafes,space billard,34 w 32nd st,10001,korean
30168,161,3979,mcdonald's,"151 w 34th st, ,",10001,burgers fast food,"auntie anne's pretzels, pinkberry",151 w 34th st,10001,hotdogs/pretzels
30229,161,13397,mcdonald's,"151 w 34th st, ,",10001,burgers fast food,just salad,151 w 34th st,10001,salads
30363,161,13387,mcdonald's,"151 w 34th st, ,",10001,burgers fast food,rowland's bar and grill/chef street,151 w 34th st,10001,american
31779,171,7425,roll & katsu kitchen,"11 w 32nd st, ste 5,",10001,sushi bars korean japanese,food gallery 32,11 w 32nd st,10001,korean
31844,171,3646,roll & katsu kitchen,"11 w 32nd st, ste 5,",10001,sushi bars korean japanese,maru,11 w 32nd st,10001,korean
31988,171,21402,roll & katsu kitchen,"11 w 32nd st, ste 5,",10001,sushi bars korean japanese,food gallery 32,11 w 32nd st,10001,korean
35356,187,13401,son ja jang,"34 w 32nd st,",10001,chinese,space billard,34 w 32nd st,10001,korean
78661,432,9491,raku,"342 e 6th st, ,",10003,japanese noodles,the eddy,342 e 6th st,10003,american
79015,433,7921,ayios greek rotisserie,"2 saint marks pl,",10003,greek,ray's pizza bagel cafe,2 saint marks pl,10003,pizza/italian
81175,440,9491,the eddy,"342 e 6th st, ,",10003,american (new),the eddy,342 e 6th st,10003,american
88886,464,13247,ootoya greenwich village,"41 e 11th st, ,",10003,japanese,ootoya,41 e 11th st,10003,japanese
100567,504,23163,tac n roll,"124 e 4th st,",10003,tacos fast food sandwiches,tac n roll,124 e 4th st,10003,chinese
104644,513,61,florian,"225 park ave s, ,",10003,italian pizza,florian cafe tattoria & bar,225 park ave s,10003,italian
125387,579,6477,the winslow,"243 e 14th st, ,",10003,pubs,the winslow,243 e 14th st,10003,american
125608,579,13370,the winslow,"243 e 14th st, ,",10003,pubs,the winslow,243 e 14th st,10003,american
132540,602,16548,dalias,"214 e 9th st, ,",10003,spanish,dahlias fine mexican cuisine,214 e 9th st,10003,"latin (cuban, dominican, puerto rican, south & central american)"
143775,642,13247,peacefood cafe downtown,"41 e 11th st, ,",10003,coffee & tea vegan gluten-free,ootoya,41 e 11th st,10003,japanese
147165,651,3347,le petit parisien,"32 e 7th st,",10003,sandwiches,east village thia restaurant,32 e 7th st,10003,thai
152193,666,3347,east village thai,"32 e 7th st, ,",10003,thai,east village thia restaurant,32 e 7th st,10003,thai
155715,723,22668,schnipper's quality kitchen,"1 new york plz, ,",10004,american (new) american (traditional) burgers,cappone's salumeria,1 new york plz,10004,sandwiches
156540,743,22668,chop't,"1 new york plz, ,",10004,salad sandwiches,cappone's salumeria,1 new york plz,10004,sandwiches
157164,758,9605,south ferry bldg company,"1 state street plaza, ,",10004,food court,au bon pain,1 state street plaza,10004,sandwiches/salads/mixed buffet
157965,775,22668,subway,"1 new york plz, ,",10004,fast food sandwiches,cappone's salumeria,1 new york plz,10004,sandwiches
168866,1134,794,thursday kitchen,"424 e 9th st,",10009,korean american (new) tapas/small plates,thursday kitcehn,424 e 9th st,10009,asian
169798,1140,11857,carma east,"507 e 6th st,",10009,bars dim sum taiwanese,carma,507 e 6th st,10009,asian
171633,1150,10945,gnoccheria by luzzo's,"234 e 4th st, ,",10009,italian,gnoccheria by luzzo's,234 e 4th st,10009,italian
171733,1150,15926,gnoccheria by luzzo's,"234 e 4th st, ,",10009,italian,secara,234 e 4th st,10009,spanish
171764,1150,21267,gnoccheria by luzzo's,"234 e 4th st, ,",10009,italian,gnoccheria by luzzo's,234 e 4th st,10009,italian
173167,1159,2343,raclette,"511 e 12th st, ,",10009,sandwiches french,la vraie raclette,511 e 12th st,10009,french
181223,1220,17735,gg's,"511 e 5th st, ,",10009,american (new) pizza,gg's,511 e 5th st,10009,american
181722,1223,17925,izakaya nomad,"13 w 26th st, ,",10010,gastropubs izakaya bars,izakaya nomad,13 w 26th st,10010,japanese
185136,1254,3810,bite,"62 w 22nd st, ,",10010,salad mediterranean sandwiches,bite,62 w 22nd st,10010,sandwiches/salads/mixed buffet
186474,1265,16543,reviver,"303 park ave s,",10010,salad american (new) gluten-free,fika,303 park ave s,10010,cafã©/coffee/tea
186543,1265,20905,reviver,"303 park ave s,",10010,salad american (new) gluten-free,paris baguette,303 park ave s,10010,bakery
188008,1281,16541,shaka burrito,"210 e 23rd st, ,",10010,mexican hawaiian caribbean,shaka burrito,210 e 23rd st,10010,mexican
188064,1281,18410,shaka burrito,"210 e 23rd st, ,",10010,mexican hawaiian caribbean,shaka burrito,210 e 23rd st,10010,mexican
188090,1281,21494,shaka burrito,"210 e 23rd st, ,",10010,mexican hawaiian caribbean,shaka burrito,210 e 23rd st,10010,mexican
189656,1293,15638,tacombi flatiron - cafe el presidente,"30 w 24th st, ,",10010,mexican,cafe el presidente,30 w 24th st,10010,mexican
190004,1296,17368,dig inn,"16 e 23rd st,",10010,american (new) juice bars & smoothies salad,dig inn,16 e 23rd st,10010,american
192690,1321,10126,burger & lobster,"39 w 19th st, ,",10011,seafood burgers,burger & lobster,39 w 19th st,10011,american
205202,1399,18022,black tap craft burgers & beer,"248 w 14th st,",10011,bars burgers,black tap,248 w 14th st,10011,american
205309,1399,2310,black tap craft burgers & beer,"248 w 14th st,",10011,bars burgers,black tap,248 w 14th st,10011,american
205370,1399,16385,black tap craft burgers & beer,"248 w 14th st,",10011,bars burgers,black tap,248 w 14th st,10011,american
209051,1422,5778,great burrito,"100 w 23rd st, ,",10011,pizza mexican,great burrito,100 w 23rd st,10011,mexican
212037,1442,1852,el quijote,"226 w 23rd st, ,",10011,spanish basque,el quijote,226 w 23rd st,10011,spanish
212728,1446,11735,bodega negra,"dream downtown, 355 w 16th st,",10011,mexican,megu,355 w 16th st,10011,japanese
213275,1452,5450,la carbonara,"202 w 14th st, ,",10011,italian,la carbornara,202 w 14th st,10011,italian
213345,1452,6575,la carbonara,"202 w 14th st, ,",10011,italian,la carbornara,202 w 14th st,10011,italian
214996,1464,11735,megu,355 w 16th st,10011,japanese,megu,355 w 16th st,10011,japanese
222138,1507,14981,la panineria,"1 w 8th st,",10011,italian sandwiches,la panineria,1 w 8th st,10011,italian
225337,1526,8991,vic's,"31 great jones st, ,",10012,bars american (new) italian,vic's,31 great jones st,10012,american
229992,1554,16807,domodomo,"138 w houston st, ,",10012,japanese sushi bars,domodomo,138 w houston st,10012,japanese
286598,1826,1483,souk & sandwich,"117 ave of the america's,",10013,lebanese sandwiches fast food,souk & sandwich,117 avenue of the americas,10013,american
286628,1826,3893,souk & sandwich,"117 ave of the america's,",10013,lebanese sandwiches fast food,souk & sandwich,117 avenue of the americas,10013,american
286781,1826,9570,souk & sandwich,"117 ave of the america's,",10013,lebanese sandwiches fast food,souk & sandwich,117 avenue of the americas,10013,american
293590,1860,17981,lupe's,110 ave of the americas,10013,mexican,lupe's east l.a. kitchen,110 avenue of the americas,10013,mexican
319238,1984,11895,bespoke kitchen,"615 1/2 hudson st,",10014,american (new),bespoke kitchen,615 1/2 hudson st,10014,american
325512,2029,22659,mission ceviche,"353 w 14th st, ,",10014,seafood food stands peruvian,luzzos pizza,353 w 14th st,10014,italian
329270,2055,6515,otto's tacos,"131 7th ave s, ,",10014,mexican,otto's tacos,131 7th ave s,10014,mexican
329787,2057,22659,the meatball guys nyc,"353 w 14th st, ,",10014,italian sandwiches,luzzos pizza,353 w 14th st,10014,italian
347484,2175,21936,café china,"13 e 37th st,",10016,szechuan,cafe china,13 e 37th st,10016,chinese
347912,2177,13544,la tarte flambee,"153 e 33rd st, ,",10016,french german bars,la tarte flambee,153 e 33rd st,10016,french
348566,2181,21265,atoboy,"43 e 28th st,",10016,korean tapas/small plates asian fusion,atoboy,43 e 28th st,10016,asian
349477,2187,3569,marta,"29 e 29th st, ,",10016,pizza italian,marta,29 e 29th st,10016,italian
350083,2191,7499,riverpark,"450 e 29th st, ,",10016,american (new) breakfast & brunch venues & event spaces,riverpark,450 e 29th st,10016,american
350111,2191,8331,riverpark,"450 e 29th st, ,",10016,american (new) breakfast & brunch venues & event spaces,riverpark,450 e 29th st,10016,american
358759,2244,8784,pippali,"129 e 27th st, ,",10016,indian bars,pippali,129 e 27th st,10016,indian
358829,2244,1256,pippali,"129 e 27th st, ,",10016,indian bars,pippali,129 e 27th st,10016,indian
361521,2264,4786,open kitchen,"33 e 33rd st, ,",10016,salad sushi bars mediterranean,open kitchen,33 e 33rd st,10016,american
369632,2308,14330,asellina,"420 park ave s, ,",10016,italian breakfast & brunch cocktail bars,gansevoort park rooftop,420 park ave s,10016,american
375107,2335,158,mazhi asian bistro & bar,"120 e 34th st, ,",10016,chinese japanese vietnamese,dj pizza,120 e 34th st,10016,pizza
377783,2346,13637,udon west,"150 e 46th st, ,",10017,japanese noodles,udon west,150 e 46th st,10017,japanese
377986,2347,16606,vitae,"4 e 46th st, ,",10017,american (new) wine bars cocktail bars,vitae,4 e 46th st,10017,american
377997,2347,7383,vitae,"4 e 46th st, ,",10017,american (new) wine bars cocktail bars,vitae,4 e 46th st,10017,american
379358,2358,12231,nishida sho-ten,"302 e 49th st, ,",10017,ramen,nishida sho-ten,302 e 49th st,10017,japanese
379399,2358,7357,nishida sho-ten,"302 e 49th st, ,",10017,ramen,nishida sho-ten,302 e 49th st,10017,japanese
379418,2358,22289,nishida sho-ten,"302 e 49th st, ,",10017,ramen,nishida sho-ten,302 e 49th st,10017,japanese
379445,2358,7483,nishida sho-ten,"302 e 49th st, ,",10017,ramen,nishida sho-ten,302 e 49th st,10017,japanese
380892,2366,2593,sakanaya,"304 e 49th st,",10017,sushi bars japanese seafood,sakanaya,304 e 49th st,10017,japanese
381436,2369,6494,great northern food hall,"grand central terminal, 89 e 42nd st",10017,food court bakeries delis,almanak/the bar,89 e 42nd st,10017,american
381818,2371,6494,agern,"grand central terminal, 89 e 42nd st,",10017,scandinavian bars,almanak/the bar,89 e 42nd st,10017,american
382701,2377,10214,sushi tsushima,"210 e 44th st, ,",10017,japanese sushi bars,tsushima,210 e 44th st,10017,japanese
382703,2377,17222,sushi tsushima,"210 e 44th st, ,",10017,japanese sushi bars,tsushima,210 e 44th st,10017,japanese
383088,2379,20274,blackwells pub and restaurant,"150 e 47th st, ,",10017,pubs american (traditional),blackwells,150 e 47th st,10017,american
383122,2380,6132,pickler & co,"216 e 45th st,",10017,delis coffee & tea breakfast & brunch,pickler &  co,216 e 45th st,10017,american
383948,2385,2593,poulette midtown east,"304 e 49th st,",10017,french,sakanaya,304 e 49th st,10017,japanese
384212,2387,1615,la bellezza,"145 e 49th st, ,",10017,pizza,la bellezza,145 e 49th st,10017,pizza
388312,2420,6494,la chula nyc,"89 e 42nd st, ,",10017,tacos,almanak/the bar,89 e 42nd st,10017,american
388694,2423,6494,grand central oyster bar,"grand central station, 89 e 42nd st,",10017,seafood,almanak/the bar,89 e 42nd st,10017,american
388981,2424,10706,graso grill,"16 e 48th st, ,",10017,bagels sandwiches burgers,graso grill,16 e 48th st,10017,asian
390190,2434,12401,wolfgang's steakhouse,"16 e 46th st, ,",10017,steakhouses,wolfgang's steakhouse boutique,16 e 46th st,10017,steak
391941,2447,6494,grand central terminal,"89 e 42nd st,",10017,landmarks & historical buildings train stations,almanak/the bar,89 e 42nd st,10017,american
392735,2454,19848,hop won restaurant,"139 e 45th st, ,",10017,chinese,hop won express,139 e 45th st,10017,chinese
392797,2454,21072,hop won restaurant,"139 e 45th st, ,",10017,chinese,hop won express,139 e 45th st,10017,chinese
394329,2464,10706,kitto,"16 e 48th st, 2nd floor,",10017,japanese asian fusion,graso grill,16 e 48th st,10017,asian
395316,2470,3719,district social,"252 w 37th st,",10018,bars american (new),district social,252 w 37th st,10018,american
396490,2478,12681,calle dao,"38 w 39th st, ,",10018,cuban cocktail bars breakfast & brunch,calle dao,38 w 39th st,10018,"latin (cuban, dominican, puerto rican, south & central american)"
397215,2482,15200,district tap house,"246 w 38th st, ,",10018,sports bars gastropubs pubs,district tap house,246 w 38th st,10018,american
398454,2490,176,black iron burger,"245 w 38th st,",10018,burgers,black iron burger,245 w 38th st,10018,hamburgers
399150,2493,21313,cocina del sur,"40 w 38th st, ,",10018,latin american,cocina del sur,40 w 38th st,10018,"latin (cuban, dominican, puerto rican, south & central american)"
402526,2514,18881,el sabroso,"265 w 37th st, ,",10018,latin american sandwiches,el sabroso restaurant,265 w 37th st,10018,spanish
403065,2520,22523,the picnic basket,"65 w 37th st, ,",10018,cafes sandwiches breakfast & brunch,the picnic basket,65 w 37th st,10018,other
403672,2524,15792,proper west,"54 w 39th st, ,",10018,sports bars american (new) lounges,proper west,54 w 39th st,10018,american
405055,2531,15601,tír na nóg,"315 w 39th st,",10018,american (new) irish irish pub,tir na nog bar and grill,315 w 39th st,10018,irish
406787,2548,687,savour sichuan,"108 w 39th st, ,",10018,szechuan dim sum asian fusion,savour sichuan,108 w 39th st,10018,chinese
406802,2548,10702,savour sichuan,"108 w 39th st, ,",10018,szechuan dim sum asian fusion,savour sichuan,108 w 39th st,10018,chinese
406937,2548,5014,savour sichuan,"108 w 39th st, ,",10018,szechuan dim sum asian fusion,savour sichuan,108 w 39th st,10018,chinese
407305,2550,1696,6 ave tobacco & magazine & coffee shop,"1013 avenue of the americas, ,",10018,delis,starbucks,977 avenue of the americas,10018,american
407312,2550,14469,6 ave tobacco & magazine & coffee shop,"1013 avenue of the americas, ,",10018,delis,bombay junction/pizza king,1013 avenue of the americas,10018,indian
409168,2561,1696,chick-fil-a,"1000 avenue of the americas, ,",10018,fast food,starbucks,977 avenue of the americas,10018,american
409175,2561,14469,chick-fil-a,"1000 avenue of the americas, ,",10018,fast food,bombay junction/pizza king,1013 avenue of the americas,10018,indian
410599,2570,18881,ramini espresso bar & cafe,"265 w 37th st, ,",10018,coffee & tea cafes,el sabroso restaurant,265 w 37th st,10018,spanish
413158,2585,6863,topaz noodle bar,"129 w 56th st, ,",10019,thai,topaz noodle bar,129 w 56th st,10019,asian
413391,2585,2534,topaz noodle bar,"129 w 56th st, ,",10019,thai,topaz noodle bar,129 w 56th st,10019,asian
413501,2588,12178,the back room,"153 w 57th st, ,",10019,american (new),park hyatt new york,153 w 57th st,10019,american
414549,2590,12654,yakitori totto,"251 w 55th st, fl 2,",10019,izakaya,soba noodle azuma,251 w 55th st,10019,japanese
414767,2592,19282,ippudo westside,"321 w 51st st,",10019,ramen,ippudo ny,321 w 51st st,10019,japanese
414796,2592,8930,ippudo westside,"321 w 51st st,",10019,ramen,ippudo ny,321 w 51st st,10019,japanese
417629,2601,12654,soba noodle azuma 55,"251 w 55th st,",10019,noodles,soba noodle azuma,251 w 55th st,10019,japanese
426608,2636,5172,beyond sushi midtown west,"62 w 56th st, ,",10019,sushi bars vegan vegetarian,beyond sushi nyc inc,62 w 56th st,10019,vegetarian
426626,2636,17990,beyond sushi midtown west,"62 w 56th st, ,",10019,sushi bars vegan vegetarian,k-bap,62 w 56th st,10019,korean
427068,2637,16630,sant andrea cafe,"40 central park s, ,",10019,italian,villagio on the park,40 central park s,10019,italian
428708,2645,14660,ocean prime,"123 w 52nd st, ,",10019,seafood steakhouses american (new),ocean prime,123 w 52nd st,10019,seafood
440928,2684,16630,sarabeth's,"40 central park s, ,",10019,breakfast & brunch american (traditional),villagio on the park,40 central park s,10019,italian
445092,2701,22709,bareburger,"313 w 57th st, ,",10019,burgers salad american (traditional),bareburger,313 w 57th st,10019,american
457778,2748,5321,the wayfarer,"101 w 57th st, ,",10019,american (new),the wayfarer,101 w 57th st,10019,seafood
457966,2748,13291,the wayfarer,"101 w 57th st, ,",10019,american (new),the wayfarer,101 w 57th st,10019,seafood
458938,2753,12199,mastro's steakhouse,"1285 avenue of the americas, (entrance on 52nd between 6th and 7th avenue),",10019,steakhouses,hilton new  york hilton banquet hall,1335 avenue of the americas,10019,american
458984,2753,9149,mastro's steakhouse,"1285 avenue of the americas, (entrance on 52nd between 6th and 7th avenue),",10019,steakhouses,hilton new york main kitchen,1335 avenue of the americas,10019,american
458991,2753,14553,mastro's steakhouse,"1285 avenue of the americas, (entrance on 52nd between 6th and 7th avenue),",10019,steakhouses,hilton new york main kitchen,1335 avenue of the americas,10019,american
459011,2753,13710,mastro's steakhouse,"1285 avenue of the americas, (entrance on 52nd between 6th and 7th avenue),",10019,steakhouses,pazza notte,1375 avenue of the americas,10019,italian
459014,2753,9338,mastro's steakhouse,"1285 avenue of the americas, (entrance on 52nd between 6th and 7th avenue),",10019,steakhouses,subway,1285 avenue of americas,10019,sandwiches
459028,2753,3909,mastro's steakhouse,"1285 avenue of the americas, (entrance on 52nd between 6th and 7th avenue),",10019,steakhouses,subway,1285 avenue of americas,10019,sandwiches
459038,2753,20184,mastro's steakhouse,"1285 avenue of the americas, (entrance on 52nd between 6th and 7th avenue),",10019,steakhouses,minus 5 ice lounge,1335 avenue of the americas,10019,other
459050,2753,16571,mastro's steakhouse,"1285 avenue of the americas, (entrance on 52nd between 6th and 7th avenue),",10019,steakhouses,herb'n kitchen & lobby lounge @ hilton hotel,1335 avenue of the americas,10019,american
459073,2753,18242,mastro's steakhouse,"1285 avenue of the americas, (entrance on 52nd between 6th and 7th avenue),",10019,steakhouses,pazza notte,1375 avenue of the americas,10019,italian
459238,2753,19402,mastro's steakhouse,"1285 avenue of the americas, (entrance on 52nd between 6th and 7th avenue),",10019,steakhouses,pazza notte,1375 avenue of the americas,10019,italian
459271,2753,570,mastro's steakhouse,"1285 avenue of the americas, (entrance on 52nd between 6th and 7th avenue),",10019,steakhouses,pazza notte,1375 avenue of the americas,10019,italian
459282,2753,2032,mastro's steakhouse,"1285 avenue of the americas, (entrance on 52nd between 6th and 7th avenue),",10019,steakhouses,hilton employee cafeteria,1335 avenue of the americas,10019,american
468316,2791,6001,totto ramen hell's kitchen,"464 w 51st st, ,",10019,ramen,totto ramen,464 w 51st st,10019,japanese
468411,2791,12304,totto ramen hell's kitchen,"464 w 51st st, ,",10019,ramen,totto ramen,464 w 51st st,10019,japanese
468461,2791,2973,totto ramen hell's kitchen,"464 w 51st st, ,",10019,ramen,totto ramen,464 w 51st st,10019,japanese
477115,2822,14431,pizza rollio,"1 w 58th st, ,",10019,pizza,sabi sushi,1 w 58th st,10019,japanese
477386,2822,13843,pizza rollio,"1 w 58th st, ,",10019,pizza,sabi sushi,1 w 58th st,10019,japanese
482038,2839,12199,pazza notte,"1375 avenue of the americas, ,",10019,italian lounges cocktail bars,hilton new  york hilton banquet hall,1335 avenue of the americas,10019,american
482084,2839,9149,pazza notte,"1375 avenue of the americas, ,",10019,italian lounges cocktail bars,hilton new york main kitchen,1335 avenue of the americas,10019,american
482091,2839,14553,pazza notte,"1375 avenue of the americas, ,",10019,italian lounges cocktail bars,hilton new york main kitchen,1335 avenue of the americas,10019,american
482111,2839,13710,pazza notte,"1375 avenue of the americas, ,",10019,italian lounges cocktail bars,pazza notte,1375 avenue of the americas,10019,italian
482138,2839,20184,pazza notte,"1375 avenue of the americas, ,",10019,italian lounges cocktail bars,minus 5 ice lounge,1335 avenue of the americas,10019,other
482150,2839,16571,pazza notte,"1375 avenue of the americas, ,",10019,italian lounges cocktail bars,herb'n kitchen & lobby lounge @ hilton hotel,1335 avenue of the americas,10019,american
482173,2839,18242,pazza notte,"1375 avenue of the americas, ,",10019,italian lounges cocktail bars,pazza notte,1375 avenue of the americas,10019,italian
482338,2839,19402,pazza notte,"1375 avenue of the americas, ,",10019,italian lounges cocktail bars,pazza notte,1375 avenue of the americas,10019,italian
482371,2839,570,pazza notte,"1375 avenue of the americas, ,",10019,italian lounges cocktail bars,pazza notte,1375 avenue of the americas,10019,italian
482382,2839,2032,pazza notte,"1375 avenue of the americas, ,",10019,italian lounges cocktail bars,hilton employee cafeteria,1335 avenue of the americas,10019,american
482423,2840,12199,new york hilton midtown,"1335 ave of the americas, ,",10019,hotels,hilton new  york hilton banquet hall,1335 avenue of the americas,10019,american
482469,2840,9149,new york hilton midtown,"1335 ave of the americas, ,",10019,hotels,hilton new york main kitchen,1335 avenue of the americas,10019,american
482476,2840,14553,new york hilton midtown,"1335 ave of the americas, ,",10019,hotels,hilton new york main kitchen,1335 avenue of the americas,10019,american
482523,2840,20184,new york hilton midtown,"1335 ave of the americas, ,",10019,hotels,minus 5 ice lounge,1335 avenue of the americas,10019,other
482535,2840,16571,new york hilton midtown,"1335 ave of the americas, ,",10019,hotels,herb'n kitchen & lobby lounge @ hilton hotel,1335 avenue of the americas,10019,american
482767,2840,2032,new york hilton midtown,"1335 ave of the americas, ,",10019,hotels,hilton employee cafeteria,1335 avenue of the americas,10019,american
505442,3044,7984,sukhumvit 51,"224 e 51st st, ,",10022,thai,sukhumvit 51,224 e 51st st,10022,thai
506409,3049,16721,nare sushi,"115 e 57th st,",10022,sushi bars japanese,la parisienne french bakery,115 e 57th st,10022,bakery
506458,3049,9167,nare sushi,"115 e 57th st,",10022,sushi bars japanese,spa castle premier,115 e 57th st,10022,korean
507194,3054,1146,totto ramen,"248 e 52nd st, ,",10022,ramen soup,totto ramen,248 e 52nd st,10022,japanese
511644,3077,440,tijuana tacos bar & grill,"330 east 53 street, suite#1,",10022,mexican,tijuana tacos barandgrill,330 east   53 street,10022,mexican
514065,3090,3280,empire steak house,"151 e 50th st, ,",10022,steakhouses wine bars seafood,empire steak house,151 e 50th st,10022,american
518495,3121,2110,sutton inn,"347 e 54th st, ,",10022,american (new) desserts,sutton inn,347 e 54th st,10022,american
520912,3135,16920,shochu & tapas - aya,"247 e 50th st, ,",10022,japanese tapas/small plates,shochu and tapas aya,247 e 50th st,10022,japanese
521221,3137,2238,kung fu little steamed buns ramen,"146 e 55th st, ,",10022,ramen chinese,kung fu little steamed buns,146 e 55th st,10022,chinese
523484,3150,21877,hudson malone,"218 e 53rd st 3rd ave, ,",10022,american (traditional),hudson malone,218 e 53rd st,10022,american
524434,3156,17206,la villetta,"398 e 52nd st, ,",10022,italian,la villetta,398 e 52nd st,10022,italian
530148,3197,5557,asian eatery,"207 e 59th st, ,",10022,japanese chinese,asian 59,207 e 59th st,10022,chinese/japanese
530191,3197,16587,asian eatery,"207 e 59th st, ,",10022,japanese chinese,asian 59,207 e 59th st,10022,chinese/japanese
531266,3204,1146,hide-chan ramen,"248 e 52nd st,",10022,ramen,totto ramen,248 e 52nd st,10022,japanese
532443,3209,8853,212 steakhouse,"316 e 53rd st, ,",10022,steakhouses wine bars seafood,212 steakhouse,316 e 53rd st,10022,steak
532470,3209,217,212 steakhouse,"316 e 53rd st, ,",10022,steakhouses wine bars seafood,212 steakhouse,316 e 53rd st,10022,steak
532591,3209,659,212 steakhouse,"316 e 53rd st, ,",10022,steakhouses wine bars seafood,212 steakhouse,316 e 53rd st,10022,steak
538297,3239,20272,lucky cat,"232 e 53rd st, ,",10022,lounges ramen,lucky cat,232 e 53rd st,10022,japanese
542963,3274,8729,lincoln square steak,"208 w 70th st,",10023,steakhouses,lincoln square steak,208 w 70th st,10023,steak
542997,3274,12985,lincoln square steak,"208 w 70th st,",10023,steakhouses,lincoln square steak,208 w 70th st,10023,steak
543000,3274,7219,lincoln square steak,"208 w 70th st,",10023,steakhouses,lincoln square steak,208 w 70th st,10023,steak
543048,3274,1482,lincoln square steak,"208 w 70th st,",10023,steakhouses,lincoln square steak,208 w 70th st,10023,steak
545158,3307,11111,joanne trattoria,"70 w 68th st, ,",10023,italian comfort food,joanne trattoria,70 w 68th st,10023,italian
545255,3309,2870,mandarin oriental lobby lounge,"80 columbus cir at 60th st,",10023,american (new) lounges,mandarin oriental hotel-banquet,80 columbus circle at 60th street,10023,other
547098,3341,16163,simit + smith,"124 w 72nd st, ,",10023,coffee & tea cafes turkish,simit and smith,124 w 72nd st,10023,bagels/pretzels
547114,3341,21768,simit + smith,"124 w 72nd st, ,",10023,coffee & tea cafes turkish,simit and smith,124 w 72nd st,10023,bagels/pretzels
548188,3359,16163,simit + smith,"124 w 72nd st, ,",10023,bakeries coffee & tea breakfast & brunch,simit and smith,124 w 72nd st,10023,bagels/pretzels
548204,3359,21768,simit + smith,"124 w 72nd st, ,",10023,bakeries coffee & tea breakfast & brunch,simit and smith,124 w 72nd st,10023,bagels/pretzels
568443,3603,1757,koko wings,"248 w 106th st,",10025,korean chicken wings,koko wings,248 w 106th st,10025,chicken
569642,3613,4110,szechuan garden,"239 w 105th st, ,",10025,szechuan,szechuan garden,239 w 105th st,10025,chinese
569661,3613,22633,szechuan garden,"239 w 105th st, ,",10025,szechuan,szechuan garden,239 w 105th st,10025,chinese
569679,3613,15834,szechuan garden,"239 w 105th st, ,",10025,szechuan,szechuan garden,239 w 105th st,10025,chinese
578928,3685,19302,shahi biryani & grill,"71 w 109th st, ,",10025,indian pakistani halal,pak shahi biryani & grill,71 w 109th st,10025,indian
587213,3753,14788,lolo's seafood shack,"303 w 116th st, ,",10026,seafood sandwiches bars,lolo's seafood shack,303 w 116th st,10026,seafood
587380,3760,13638,row house,"2128 frederick douglass blvd, ,",10026,american (new) tapas/small plates cocktail bars,row house,2128 frederick douglass blvd,10026,american
587439,3761,7445,sexy taco/dirty cash,"161 malcolm x blvd,",10026,cocktail bars american (new) mexican,sexy taco dirty cash,161 malcolm x blvd,10026,american
587654,3772,9104,harlem food court,"66 w 116th st, ,",10026,food court,harlem food court,66 w 116th st,10026,american
587805,3778,22122,la savane,"239 w 116th st, ,",10026,african,restaurant la savane,239 w 116th st,10026,african
588381,3799,19487,harlem burger co,"2190 frederick douglass blvd,",10026,burgers sandwiches desserts,harlem burger co.,2190 frederick douglass blvd,10026,american
589760,3865,3238,chez alain,"2046 adam clayton powell jr blvd, ,",10027,senegalese,delhi masala restaurant,2077 adam clayton powell jr blvd,10027,indian
589776,3865,8485,chez alain,"2046 adam clayton powell jr blvd, ,",10027,senegalese,harlem karibe take out,2234 adam clayton powel jr blvd,10027,caribbean
590160,3872,3238,accra restaurant,"2065 adam clayton powell jr blvd, ,",10027,african,delhi masala restaurant,2077 adam clayton powell jr blvd,10027,indian
590176,3872,8485,accra restaurant,"2065 adam clayton powell jr blvd, ,",10027,african,harlem karibe take out,2234 adam clayton powel jr blvd,10027,caribbean
591113,3890,18328,go! go! curry!,"567 w 125th st,",10027,japanese fast food,go go curry,567 w 125th st,10027,japanese
591440,3896,3238,delhi masala,"2077 adam clayton powell jr blvd,",10027,indian buffets,delhi masala restaurant,2077 adam clayton powell jr blvd,10027,indian
591456,3896,8485,delhi masala,"2077 adam clayton powell jr blvd,",10027,indian buffets,harlem karibe take out,2234 adam clayton powel jr blvd,10027,caribbean
592480,3913,3238,keur sokhna restaurant,"2249 adam clayton powell jr blvd, ,",10027,senegalese,delhi masala restaurant,2077 adam clayton powell jr blvd,10027,indian
592496,3913,8485,keur sokhna restaurant,"2249 adam clayton powell jr blvd, ,",10027,senegalese,harlem karibe take out,2234 adam clayton powel jr blvd,10027,caribbean
594080,3940,3238,harlem karibe restaurant & catering,"2234 adam clayton powell jr blvd, ,",10027,haitian latin american cuban,delhi masala restaurant,2077 adam clayton powell jr blvd,10027,indian
594096,3940,8485,harlem karibe restaurant & catering,"2234 adam clayton powell jr blvd, ,",10027,haitian latin american cuban,harlem karibe take out,2234 adam clayton powel jr blvd,10027,caribbean
595920,3978,3238,tropical grill & restaurant,"2145 adam clayton powell jr blvd, ,",10027,caribbean spanish,delhi masala restaurant,2077 adam clayton powell jr blvd,10027,indian
595936,3978,8485,tropical grill & restaurant,"2145 adam clayton powell jr blvd, ,",10027,caribbean spanish,harlem karibe take out,2234 adam clayton powel jr blvd,10027,caribbean
597280,4005,3238,kennedy fried chicken,"2057 adam clayton powell blvd, ,",10027,fast food chicken wings,delhi masala restaurant,2077 adam clayton powell jr blvd,10027,indian
598640,4036,3238,paris blues,"2021 adam clayton powell junior blvd, ave 7,",10027,dive bars jazz & blues,delhi masala restaurant,2077 adam clayton powell jr blvd,10027,indian
600249,4062,8015,bondurants,"303 e 85th st, ,",10028,american (new) beer bar,bondurants,303 e 85th st,10028,american
611199,4185,12342,gracie's on 2nd diner,"300 e 86th st, ,",10028,diners,gracie's on 2nd,300 e 86th st,10028,american
627607,4393,12854,in n out,"360 e 116th st, ,",10029,bakeries chinese sandwiches,good taste 360 inc,360 e 116th st,10029,chinese
632924,4455,16567,eddie's ny deli & pizza,"184 e 116th st, ,",10029,delis pizza,eddie's deli & pizza,184 e 116th st,10029,american
634269,4478,9216,yatenga french bistro & bar,"2269 adam clayton powell jr blvd, ,",10030,french wine bars beer bar,polanco restaurant bbq,2421 adam clayton powell jr b,10030,"latin (cuban, dominican, puerto rican, south & central american)"
634354,4484,13962,ma dukes,"2492 frederick douglass blvd, ,",10030,soul food,ma dukes,2492 frederick douglass blvd,10030,soul food
634367,4485,9216,little ochie jamaican cuisine,"2492 adam clayton powell jr blvd, ,",10030,caribbean,polanco restaurant bbq,2421 adam clayton powell jr b,10030,"latin (cuban, dominican, puerto rican, south & central american)"
634381,4486,9216,ponty bistro,"2375 adam clayton powell jr blvd, ,",10030,french senegalese,polanco restaurant bbq,2421 adam clayton powell jr b,10030,"latin (cuban, dominican, puerto rican, south & central american)"
634493,4499,9216,mcdonald's,2379 adam clayton powell jr blvd,10030,fast food burgers,polanco restaurant bbq,2421 adam clayton powell jr b,10030,"latin (cuban, dominican, puerto rican, south & central american)"
634521,4502,9216,cafe 22,"2309 adam clayton powell jr blvd, ,",10030,cafes halal,polanco restaurant bbq,2421 adam clayton powell jr b,10030,"latin (cuban, dominican, puerto rican, south & central american)"
634549,4504,9216,polanco restaurant & barbecue,"2421 adam clayton powell junior blvd, ,",10030,spanish barbeque,polanco restaurant bbq,2421 adam clayton powell jr b,10030,"latin (cuban, dominican, puerto rican, south & central american)"
634605,4509,9216,ihop,"2290 adam clayton powell jr blvd, ,",10030,breakfast & brunch american (traditional),polanco restaurant bbq,2421 adam clayton powell jr b,10030,"latin (cuban, dominican, puerto rican, south & central american)"
634759,4525,9216,bed of nails-nail bar,"2272 adam clayton powell jr blvd,",10030,nail salons eyelash service skin care,polanco restaurant bbq,2421 adam clayton powell jr b,10030,"latin (cuban, dominican, puerto rican, south & central american)"
636634,4556,4411,chinelos ii,"530 w 136th st, ,",10031,mexican grocery delis,chinelos ii deli-grocery restaurant,530 w 136th st,10031,mexican
643684,4693,3970,caffebene,9 edward m morgan pl,10032,gelato coffee & tea cafes,caffe bene,9 edward m morgan pl,10032,american
643696,4693,22240,caffebene,9 edward m morgan pl,10032,gelato coffee & tea cafes,caffe bene,9 edward m morgan pl,10032,american
649213,4792,17142,kazza wine bar,"708 w 177th st,",10033,wine bars tapas bars coffee & tea,kazza wine bar,708 w 177th st,10033,tapas
651849,4848,18237,lola lola restaurant,"1306 saint nicholas ave,",10033,cocktail bars hookah bars seafood,lola lola restaurant & bar,1306 saint nicholas ave,10033,spanish
655402,4919,17838,cafe tabaco & ron,"501 w 214th st, ,",10034,latin american,cafe tabaco & ron,501 w 214th st,10034,"latin (cuban, dominican, puerto rican, south & central american)"
656913,4951,10063,la nueva espana,"606 w 207th st, ,",10034,latin american,la nueva espana restaurant,606 w 207th st,10034,"latin (cuban, dominican, puerto rican, south & central american)"
656948,4951,20137,la nueva espana,"606 w 207th st, ,",10034,latin american,la nueva espana restaurant,606 w 207th st,10034,"latin (cuban, dominican, puerto rican, south & central american)"
658168,4976,20269,el anafe supreme,"584 w 207th st, ,",10034,salad mexican,el anafe express,584 w 207th st,10034,spanish
658183,4976,3069,el anafe supreme,"584 w 207th st, ,",10034,salad mexican,el anafe express,584 w 207th st,10034,spanish
658187,4976,21826,el anafe supreme,"584 w 207th st, ,",10034,salad mexican,el anafe express,584 w 207th st,10034,spanish
658945,4991,2886,empire chinese restaurant,"563a w 207th st, ,",10034,chinese,empire kitchen,563a w 207th st,10034,chinese
661283,5064,5991,uptown veg and juice bar,"52 e 125th st, ,",10035,juice bars & smoothies vegan,uptown juice & veg,52 e 125th st,10035,american
663343,5114,685,dim sum palace,"334 w 46th st,",10036,dim sum cantonese,dim sum palace,334 w 46th st,10036,asian
665097,5121,5492,ipanema restaurant,"43 w 46th st,",10036,brazilian latin american portuguese,ipanema restaurant,43 w 46th st,10036,brazilian
666827,5129,1749,maple,"157 w 47th st, ,",10036,american (new) comfort food,maple restaurant,157 w 47th st,10036,american
666884,5129,9714,maple,"157 w 47th st, ,",10036,american (new) comfort food,maple restaurant,157 w 47th st,10036,american
666964,5129,6394,maple,"157 w 47th st, ,",10036,american (new) comfort food,maple restaurant,157 w 47th st,10036,american
673466,5153,17190,adella,"410 w 43rd st, ,",10036,tapas bars american (new) wine bars,adella,410 w 43rd st,10036,american
673841,5154,3560,an'nam,"234 w 48th st, ,",10036,japanese vietnamese sushi bars,ding,234 w 48th st,10036,chinese
675189,5158,3560,ding bbq and hot pot restaurant,"234 w 48th st, ,",10036,hot pot barbeque szechuan,ding,234 w 48th st,10036,chinese
678234,5171,10086,akdeniz mediterranean restaurant,"19 w 46th st, ,",10036,turkish,akdeniz mediterranean cuisine,19 w 46th st,10036,turkish
681558,5183,14841,stk midtown,"1114 avenue of the americas, ,",10036,steakhouses american (new) cocktail bars,dechert (the dech),1095 avenue of the americas,10036,american
681595,5183,3586,stk midtown,"1114 avenue of the americas, ,",10036,steakhouses american (new) cocktail bars,the bistro (hbo cafeteria),1100 avenue of the americas,10036,american
681765,5183,8265,stk midtown,"1114 avenue of the americas, ,",10036,steakhouses american (new) cocktail bars,simon sips,1185 avenue of the americas,10036,cafã©/coffee/tea
681801,5183,3204,stk midtown,"1114 avenue of the americas, ,",10036,steakhouses american (new) cocktail bars,crave sandwiches,1120 avenue of the americas,10036,sandwiches/salads/mixed buffet
681858,5183,19856,stk midtown,"1114 avenue of the americas, ,",10036,steakhouses american (new) cocktail bars,europa cafe,1177 avenue of the americas,10036,cafã©/coffee/tea
687060,5208,16381,hing won,"48 w 48th st, ,",10036,cantonese,hing won,48 w 48th st,10036,chinese
689683,5218,3586,the bistro,"1100 ave of the americas, ,",10036,cafes,the bistro (hbo cafeteria),1100 avenue of the americas,10036,american
690388,5220,9991,fresh from hell,"326 w 47th st,",10036,sandwiches juice bars & smoothies soup,frisson espresso,326 w 47th st,10036,cafã©/coffee/tea
697170,5248,16381,spice grill,48 w 48th st,10036,indian buffets,hing won,48 w 48th st,10036,chinese
703463,5272,14841,chick-fil-a,"1180 avenue of the americas,, ,",10036,fast food,dechert (the dech),1095 avenue of the americas,10036,american
703500,5272,3586,chick-fil-a,"1180 avenue of the americas,, ,",10036,fast food,the bistro (hbo cafeteria),1100 avenue of the americas,10036,american
703670,5272,8265,chick-fil-a,"1180 avenue of the americas,, ,",10036,fast food,simon sips,1185 avenue of the americas,10036,cafã©/coffee/tea
703706,5272,3204,chick-fil-a,"1180 avenue of the americas,, ,",10036,fast food,crave sandwiches,1120 avenue of the americas,10036,sandwiches/salads/mixed buffet
703763,5272,19856,chick-fil-a,"1180 avenue of the americas,, ,",10036,fast food,europa cafe,1177 avenue of the americas,10036,cafã©/coffee/tea
705890,5283,9991,frisson espresso,"326 w 47th st,",10036,coffee & tea cafes,frisson espresso,326 w 47th st,10036,cafã©/coffee/tea
706628,5285,12104,foundry kitchen & bar,"westin new york at times square, 270 w 43rd st eighth ave,",10036,lounges breakfast & brunch cocktail bars,foundry kitchen & bar,270 w 43rd st,10036,american
707195,5291,18381,hunt & fish club,"125 w 44th st, ,",10036,seafood steakhouses cocktail bars,hunt & fish club nyc,125 w 44th st,10036,american
715683,5325,12238,sushi seki times square,"365 w 46th st,",10036,sushi bars japanese cocktail bars,sushi seki,365 w 46th st,10036,japanese
715947,5330,9449,el monday's,"32 e 130th st,",10037,seafood burgers sandwiches,el monday's,32 e 130th st,10037,soul food
716002,5335,20002,don rico pollo,"588 malcolm x blvd,",10037,dominican spanish,don rico pollo restaurant,588 malcolm x blvd,10037,spanish
716007,5335,4183,don rico pollo,"588 malcolm x blvd,",10037,dominican spanish,don rico pollo restaurant,588 malcolm x blvd,10037,spanish
716225,5352,9322,cafe plus,"1 w 137th st,",10037,cafes,cafe plus,1 w 137th st,10037,american
723803,5444,4573,mooncake foods,"111 john st (pearl street entrance),",10038,asian fusion chinese,mooncake foods,111 john street- pearl st side,10038,asian
734169,5571,8087,subway,344 w 145th st,10039,sandwiches fast food,subway,344 w 145th st,10039,soups & sandwiches
734321,5585,891,harlem brothers pizza & wings,"346 w 145th st, ,",10039,chicken wings pizza,2 harlem bros pizza,346 w 145th st,10039,pizza
734326,5585,1260,harlem brothers pizza & wings,"346 w 145th st, ,",10039,chicken wings pizza,2 harlem bros pizza,346 w 145th st,10039,pizza
735464,5637,8476,empire chinese restaurant,"1635 saint nicholas ave, ,",10040,american (new),empire chinese restaurant,1635 saint nicholas ave,10040,chinese
737024,5702,11594,bluestone lane,"2 e 90th st, ,",10128,coffee & tea breakfast & brunch gluten-free,bluestone lane,2 e 90th st,10128,cafã©/coffee/tea
737027,5702,9194,bluestone lane,"2 e 90th st, ,",10128,coffee & tea breakfast & brunch gluten-free,bluestone lane,2 e 90th st,10128,cafã©/coffee/tea
737059,5702,266,bluestone lane,"2 e 90th st, ,",10128,coffee & tea breakfast & brunch gluten-free,bluestone lane,2 e 90th st,10128,cafã©/coffee/tea
743712,5825,11594,heavenly rest,"2 e 90th st,",10128,cafes,bluestone lane,2 e 90th st,10128,cafã©/coffee/tea
743715,5825,9194,heavenly rest,"2 e 90th st,",10128,cafes,bluestone lane,2 e 90th st,10128,cafã©/coffee/tea
743747,5825,266,heavenly rest,"2 e 90th st,",10128,cafes,bluestone lane,2 e 90th st,10128,cafã©/coffee/tea
749391,6000,4705,rusty's west indian cuisine inc,"537 port richmond ave,",10302,caribbean,rusty's,537 port richmond ave,10302,caribbean
749514,6007,20112,goody's spanish food & more restaurant,"201 port richmond avenue, ,",10302,restaurants,goody's spanish food,201 port richmond avenue,10302,spanish
749561,6008,1996,los potrillos,"150 port richmond ave, ,",10302,mexican,los potrillos restaurant,150 port richmond ave,10302,mexican
750211,6030,958,number one chinese kitchen,"209 port richmond ave, ,",10302,chinese,no. 1 chinese kitchen,209 port richmond ave,10302,chinese
750230,6030,1552,number one chinese kitchen,"209 port richmond ave, ,",10302,chinese,no. 1 chinese kitchen,209 port richmond ave,10302,chinese
750344,6034,10508,piccolo pinos pizzeria,"275 port richmond avenue, ,",10302,pizza,pino's pizza,275 port richmond avenue,10302,pizza
754544,6181,10176,it's a wrap!,"837 father capodanno blvd, ste 1b,",10305,creperies american (new) fast food,kraja cafe,837 father capodanno blvd,10305,mediterranean
757233,6252,20757,chikurin,"365 new dorp ln, ,",10306,sushi bars japanese,chikurin,365 new dorp ln,10306,japanese
757251,6252,20358,chikurin,"365 new dorp ln, ,",10306,sushi bars japanese,chikurin,365 new dorp ln,10306,japanese
762220,6411,5528,avocado sushi,"4906 arthur kill rd,",10309,sushi bars,avocado sushi,4906 arthur kill rd,10309,japanese
767209,6593,22116,amici bakery,"758 arthur kill road, ,",10312,bakeries,amici bakery,758 arthur kill road,10312,bakery
780668,6830,20085,pizza world,"509 e 163rd st, ,",10451,pizza,pizza world,509 e 163rd st,10451,pizza
780696,6830,13545,pizza world,"509 e 163rd st, ,",10451,pizza,pizza world,509 e 163rd st,10451,pizza
780978,6841,20085,509 pizzeria,"509 e 163rd st,",10451,pizza,pizza world,509 e 163rd st,10451,pizza
781006,6841,13545,509 pizzeria,"509 e 163rd st,",10451,pizza,pizza world,509 e 163rd st,10451,pizza
782286,6877,6511,emergency snack bar,"1354 edward l grant hwy, ,",10452,juice bars & smoothies sandwiches dominican,budda,1353 edward l grant hwy,10452,"latin (cuban, dominican, puerto rican, south & central american)"
782290,6877,22338,emergency snack bar,"1354 edward l grant hwy, ,",10452,juice bars & smoothies sandwiches dominican,budda,1353 edward l grant hwy,10452,"latin (cuban, dominican, puerto rican, south & central american)"
782318,6877,15963,emergency snack bar,"1354 edward l grant hwy, ,",10452,juice bars & smoothies sandwiches dominican,emergency snack bar,1354 edward l grant highway,10452,spanish
782748,6886,23102,andrea's restaurant,"104 e 165th st, ,",10452,breakfast & brunch latin american,andrea's restaurant,104 e 165th st,10452,spanish
782862,6889,6511,budda restaurant & lounge,"1353 edward l grant hwy, ,",10452,hookah bars lounges,budda,1353 edward l grant hwy,10452,"latin (cuban, dominican, puerto rican, south & central american)"
782866,6889,22338,budda restaurant & lounge,"1353 edward l grant hwy, ,",10452,hookah bars lounges,budda,1353 edward l grant hwy,10452,"latin (cuban, dominican, puerto rican, south & central american)"
783038,6893,10960,angelo's deli #2,120 e mount eden ave,10452,breakfast & brunch delis sandwiches,king dragon restaurant,120 e mount eden ave,10452,chicken
783041,6893,4484,angelo's deli #2,120 e mount eden ave,10452,breakfast & brunch delis sandwiches,altagracia restaurant,9 e mount eden ave,10452,spanish
783051,6893,13408,angelo's deli #2,120 e mount eden ave,10452,breakfast & brunch delis sandwiches,king dragon restaurant,120 e mount eden ave,10452,chicken
783565,6908,12775,kennedy fried chicken,"35 e 170th st, ,",10452,fast food,kennedy fried chicken,35 e 170th st,10452,chicken
784856,6943,17041,mi reina restaurant,"1971 martin l king jr blvd, ,",10453,american (new),grand no. 1 restaurant,1735 dr martin l king jr boulevard,10453,chinese
784893,6943,13914,mi reina restaurant,"1971 martin l king jr blvd, ,",10453,american (new),grand no. 1 restaurant,1735 dr martin l king jr boulevard,10453,chinese
785022,6947,18988,michely deli & food market,"169 w tremont ave, ,",10453,delis tacos burgers,michely deli & food market,169 w tremont ave,10453,delicatessen
785311,6956,318,mexican specialty corp,106 e 183rd st,10453,mexican,estrella mexican restaurant,106 e 183rd st,10453,mexican
785542,6966,17041,mcdonald's,"1749 dr martin l king jr blvd, ,",10453,burgers fast food,grand no. 1 restaurant,1735 dr martin l king jr boulevard,10453,chinese
785579,6966,13914,mcdonald's,"1749 dr martin l king jr blvd, ,",10453,burgers fast food,grand no. 1 restaurant,1735 dr martin l king jr boulevard,10453,chinese
787406,7031,12459,el guapo pizzeria incorporated,361 e 138th st,10454,pizza,pizzeria restaurant,361 e 138th st,10454,pizza/italian
787419,7031,5483,el guapo pizzeria incorporated,361 e 138th st,10454,pizza,pizzeria restaurant,361 e 138th st,10454,pizza/italian
788032,7052,6056,el jalapenos,"800 e 149th st, ,",10455,mexican,el jalapeno,800 e 149th st,10455,mexican
789134,7075,19042,149 steam fish,"500 e 149th st,",10455,seafood,149 steam fish,500 e 149th st,10455,seafood
789171,7075,17001,149 steam fish,"500 e 149th st,",10455,seafood,149 steam fish,500 e 149th st,10455,seafood
789433,7081,9118,burger king,521 e 149th st,10455,fast food,burger king,521 e 149th st,10455,hamburgers
789487,7085,18076,good taste chinese restaurant,"863 e 149th st, ,",10455,chinese,good taste chinese food,863 e 149th st,10455,chinese
789939,7095,4437,kennedy fried chicken,"730 e. 149th st, ,",10455,chicken wings,kennedy fried chicken,730 e 149th st,10455,chicken
790746,7118,19042,la orquidea bakery & restaurant,"500 e 149th st, ,",10455,bakeries,149 steam fish,500 e 149th st,10455,seafood
790783,7118,17001,la orquidea bakery & restaurant,"500 e 149th st, ,",10455,bakeries,149 steam fish,500 e 149th st,10455,seafood
793764,7195,22512,kennedy fried chicken,"647 e tremont ave, ,",10457,chicken wings,kennedy fried chicken & pizza,647 e tremont ave,10457,chicken
794229,7210,18957,new china,"240 e 174th st, ,",10457,chinese,new china restaurant,240 e 174th st,10457,chinese
797103,7257,11754,bedford pizza pasta restaurant,"380 bedford park blvd,",10458,pizza,bedford pizza cafe,380 bedford park blvd,10458,pizza/italian
797140,7257,20771,bedford pizza pasta restaurant,"380 bedford park blvd,",10458,pizza,bedford pizza cafe,380 bedford park blvd,10458,pizza/italian
798699,7287,9460,la rola restaurant,"400 e 198th st, ,",10458,mexican,la rola restaurant,400 e 198th st,10458,spanish
798713,7287,3590,la rola restaurant,"400 e 198th st, ,",10458,mexican,la rola restaurant,400 e 198th st,10458,spanish
798746,7287,13930,la rola restaurant,"400 e 198th st, ,",10458,mexican,la rola restaurant,400 e 198th st,10458,spanish
798976,7295,11993,oriental house,"565 e 184th st, ,",10458,chinese,oriental house,565 e 184th st,10458,chinese
800369,7317,2021,pique 86,"220 e 198th st,",10458,mexican,pique 86 restaurant,220 e 198th st,10458,spanish
800458,7318,1767,house pizza,"246 e 204th st, ,",10458,pizza,house pizza,246 e 204th st,10458,pizza
801522,7334,885,rocco's pizzeria,"397 bedford park boulevard, ,",10458,pizza,rocco's pizza,397 bedford park boulevard,10458,pizza
802165,7341,15342,peachwave,"602 e 187th st,",10458,ice cream & frozen yogurt,peachwave frozen yogurt,602 e 187th st,10458,"ice cream, gelato, yogurt, ices"
803918,7371,1354,monte pizza,"360 e 188th st,",10458,pizza,monte pizza,360 e 188th st,10458,pizza
806883,7459,5403,ihop,"961 e 174th st, ste 6,",10460,breakfast & brunch american (traditional),taco bell,961 e 174th st,10460,tex-mex
806943,7461,5403,subway,"961 e 174th st, ,",10460,fast food sandwiches,taco bell,961 e 174th st,10460,tex-mex
808137,7490,19090,made in puerto rico latin cuisine,"3363 e tremont ave,",10461,sports bars latin american caribbean,made in puerto rico,3363 e tremont ave,10461,spanish
813803,7582,10528,paulding bar & restaurant,"1024 morris park avenue, ,",10461,restaurants,doyles pub,1024 morris park avenue,10461,irish
813874,7582,10771,paulding bar & restaurant,"1024 morris park avenue, ,",10461,restaurants,doyles pub,1024 morris park avenue,10461,irish
815106,7607,10468,soups salads & beyond,"1060 morris park ave, ,",10461,breakfast & brunch,"soups,salads & beyond",1060 morris park ave,10461,american
815110,7607,1412,soups salads & beyond,"1060 morris park ave, ,",10461,breakfast & brunch,"soups,salads & beyond",1060 morris park ave,10461,american
815284,7611,19548,15 flavors,"1046 morris park ave, ,",10461,ice cream & frozen yogurt,15 flavors,1046 morris park ave,10461,"ice cream, gelato, yogurt, ices"
815714,7620,12489,slim to go,"1556a white plains rd, ,",10462,american (new) spanish breakfast & brunch,slim to go,1556a white plains rd,10462,american
815987,7625,15238,thai no. 1,"1509 white plains rd, ,",10462,thai,thai no 1,1509 white plains rd,10462,thai
816616,7634,6179,don emilio diner,"1315 castle hill ave,",10462,spanish,don emilio diner restaurant,1315 castle hill ave,10462,"latin (cuban, dominican, puerto rican, south & central american)"
818121,7663,18267,primavera pizzaria,"761 morris park avenue, ,",10462,pizza,primavera pizzeria,761 morris park avenue,10462,pizza
818144,7663,3680,primavera pizzaria,"761 morris park avenue, ,",10462,pizza,primavera pizzeria,761 morris park avenue,10462,pizza
822635,7748,12474,conti's pastry shoppe,"786 morris park ave, ,",10462,bakeries,conti's pastry shoppe,786 morris park ave,10462,bakery
823973,7769,22286,louie's dale diner,"189 w 231st st, ,",10463,diners breakfast & brunch burgers,dale diner,189 w 231st st,10463,american
824403,7777,16254,100%,"130 w 238th st, ,",10463,cafes juice bars & smoothies latin american,100% smoothies & empanadas,130 w 238th st,10463,american
827162,7821,10393,cold cut city gourmet,"228 w 231st st, ,",10463,delis,cold cut city bunny deli 2,228 w 231st st,10463,american
829787,7867,10436,bailey seafood market,"146 w 231st st, ,",10463,seafood markets,bailey seafood market & restaurant,146 w 231st st,10463,seafood
829810,7867,22275,bailey seafood market,"146 w 231st st, ,",10463,seafood markets,bailey seafood market & restaurant,146 w 231st st,10463,seafood
829828,7867,5674,bailey seafood market,"146 w 231st st, ,",10463,seafood markets,bailey seafood market & restaurant,146 w 231st st,10463,seafood
830391,7879,17498,archie's tap & table,"536 city island ave, ,",10464,american (new) gastropubs burgers,archie's tap and table,536 city island ave,10464,american
830484,7882,3750,johnny's reef restaurant,"2 city island ave, ,",10464,seafood,johnny's reef restaurant,2 city island ave,10464,seafood
830498,7882,20863,johnny's reef restaurant,"2 city island ave, ,",10464,seafood,johnny's reef restaurant,2 city island ave,10464,seafood
830499,7882,21422,johnny's reef restaurant,"2 city island ave, ,",10464,seafood,johnny's reef restaurant,2 city island ave,10464,seafood
830549,7884,8909,sammy's fish box restaurant,"41 city island ave, ,",10464,seafood,sammy's fishbox,41 city island ave,10464,seafood
830567,7884,15987,sammy's fish box restaurant,"41 city island ave, ,",10464,seafood,sammy's fishbox,41 city island ave,10464,seafood
830631,7886,457,tony's pier restaurant,"1 city island ave, ,",10464,seafood,tony's pier restaurant,1 city island ave,10464,seafood
830871,7893,6491,sea shore restaurant & marina,"591 city island ave, ,",10464,seafood,seashore restaurant,591 city island ave,10464,seafood
830880,7893,20515,sea shore restaurant & marina,"591 city island ave, ,",10464,seafood,seashore restaurant,591 city island ave,10464,seafood
830893,7893,178,sea shore restaurant & marina,"591 city island ave, ,",10464,seafood,seashore restaurant,591 city island ave,10464,seafood
830947,7895,2648,don coqui on the water,"565 city island ave, ,",10464,latin american caribbean venues & event spaces,don cogui,565 city island ave,10464,american
830948,7895,21854,don coqui on the water,"565 city island ave, ,",10464,latin american caribbean venues & event spaces,don cogui,565 city island ave,10464,american
830955,7895,21509,don coqui on the water,"565 city island ave, ,",10464,latin american caribbean venues & event spaces,don cogui,565 city island ave,10464,american
831040,7897,15122,ohana,"500 city island ave, ,",10464,japanese wine bars,ohana japanese hibachi seafood & steak,500 city island ave,10464,japanese
831082,7900,18206,scavello's city island,101 city island ave,10464,grocery caterers delis,scavello's on the island,101 city island ave,10464,italian
831090,7900,6135,scavello's city island,101 city island ave,10464,grocery caterers delis,scavello's on the island,101 city island ave,10464,italian
831109,7902,22648,rays cafe & restaurant,"205 city island ave, ,",10464,cafes,ray's cafe and restaurant,205 city island ave,10464,spanish
831404,7914,790,turtle cove golf center,"1 city island rd, ,",10464,golf mini golf batting cages,turtle cove golf center,1 city island rd,10464,american
831455,7917,5788,cabo,"3764 e tremont ave, ,",10465,mexican lounges,cabo restaurant,3764 e tremont ave,10465,mexican
831571,7919,10155,tosca cafe,"4038 e tremont ave, ,",10465,pizza italian cafes,tosca cafe,4038 e tremont ave,10465,american
831580,7919,1036,tosca cafe,"4038 e tremont ave, ,",10465,pizza italian cafes,tosca cafe,4038 e tremont ave,10465,american
831581,7919,4968,tosca cafe,"4038 e tremont ave, ,",10465,pizza italian cafes,tosca cafe,4038 e tremont ave,10465,american
831697,7924,12370,mama puebla,"3465 e tremont ave, ,",10465,mexican,mama  puebla,3465 e tremont ave,10465,mexican
831961,7932,11709,alley cat smokehouse,"3604 e tremont ave, ste c,",10465,smokehouse,alley cat smokehouse,3604 e tremont ave,10465,barbecue
832109,7940,4541,lilly's cafe,"3035 cross bronx expy,",10465,breakfast & brunch sandwiches,lilly's cafe,3035 cross bronx expy,10465,cafã©/coffee/tea
832372,7947,12370,kim popla,"3465 e tremont ave, ,",10465,asian fusion japanese,mama  puebla,3465 e tremont ave,10465,mexican
833556,7982,664,vapor lounge,"3758 e tremont ave,",10465,hookah bars,vapor lounge,3758 e tremont ave,10465,american
833558,7982,12323,vapor lounge,"3758 e tremont ave,",10465,hookah bars,vapor lounge,3758 e tremont ave,10465,american
833903,7992,12878,paula's soul cafe,"746 e 233rd st, ,",10466,seafood soul food,paula's soul cafe,746 e 233rd st,10466,soul food
834153,7997,7899,loong xin asian cuisine,"670 e 233rd st, ,",10466,japanese thai chinese,loong xin asian cuisine,670 e 233rd st,10466,chinese
834339,8002,19281,carifesta restaurant,"4251 white plains rd, ,",10466,halal caribbean,carifesta restaurant,4251 white plains rd,10466,caribbean
834649,8014,18941,tony's pizza,"4189 white plains road, ,",10466,pizza,tony's pizza,4189 white plains road,10466,pizza
834652,8014,17894,tony's pizza,"4189 white plains road, ,",10466,pizza,tony's pizza,4189 white plains road,10466,pizza
834843,8019,22267,pizza place,"4024 white plains road, ,",10466,pizza,the pizza place,4024 white plains road,10466,pizza
834873,8019,3587,pizza place,"4024 white plains road, ,",10466,pizza,the pizza place,4024 white plains road,10466,pizza
835052,8023,6036,burger king,"4275 white plains rd, ,",10466,burgers,burger king,4275 white plains rd,10466,american
835159,8026,9703,kaieteur bronx restaurant & bakery,"4379 white plains rd,",10466,bakeries caribbean indian,kaieteur restaurant,4379 white plains rd,10466,caribbean
836501,8050,14045,anthony's famous gourmet deli,"169 e gun hill rd, ,",10467,delis sandwiches,sing fei restaurant,263 e gun hill rd,10467,chinese
836532,8050,2215,anthony's famous gourmet deli,"169 e gun hill rd, ,",10467,delis sandwiches,el encuentro restaurant bar corp,352 e gun hill rd,10467,"latin (cuban, dominican, puerto rican, south & central american)"
836866,8056,14045,vip's cafe,"131 e gun hill rd, ,",10467,sandwiches italian,sing fei restaurant,263 e gun hill rd,10467,chinese
836897,8056,2215,vip's cafe,"131 e gun hill rd, ,",10467,sandwiches italian,el encuentro restaurant bar corp,352 e gun hill rd,10467,"latin (cuban, dominican, puerto rican, south & central american)"
837844,8072,6672,blimpie,85 east gunhill road,10467,sandwiches,blimpie,85 east gunhill road,10467,sandwiches
838034,8077,14045,caribe restaurant,"2 e gun hill rd, ,",10467,spanish dominican cuban,sing fei restaurant,263 e gun hill rd,10467,chinese
838065,8077,2215,caribe restaurant,"2 e gun hill rd, ,",10467,spanish dominican cuban,el encuentro restaurant bar corp,352 e gun hill rd,10467,"latin (cuban, dominican, puerto rican, south & central american)"
838180,8080,14045,subway,"747 e gun hill rd, ,",10467,sandwiches fast food,sing fei restaurant,263 e gun hill rd,10467,chinese
838211,8080,2215,subway,"747 e gun hill rd, ,",10467,sandwiches fast food,el encuentro restaurant bar corp,352 e gun hill rd,10467,"latin (cuban, dominican, puerto rican, south & central american)"
838298,8082,18820,number 1 chinese restaurant,"301 e 204th st, ,",10467,chinese,lin's no 1 chinese restaurant,301 e 204th st,10467,chinese
838329,8083,13464,mario's pizza,"79 e gun hill road, ,",10467,pizza,mario's pizza,79 east gun hill road,10467,pizza
838368,8083,12096,mario's pizza,"79 e gun hill road, ,",10467,pizza,mario's pizza,79 east gun hill road,10467,pizza
838433,8088,15237,sing loon chinese kitchen,"3606 white plains rd,",10467,chinese,sing loon zheng kitchen,3606 white plains rd,10467,chinese
838605,8094,19943,la familia restaurant mexicano corporation,"334 e gun hill road, ,",10467,restaurants,la familia restaurant,334 east gun hill road,10467,mexican
838618,8095,14045,kemmie restaurant & cuisine,"883 e gun hill rd, ,",10467,latin american,sing fei restaurant,263 e gun hill rd,10467,chinese
838649,8095,2215,kemmie restaurant & cuisine,"883 e gun hill rd, ,",10467,latin american,el encuentro restaurant bar corp,352 e gun hill rd,10467,"latin (cuban, dominican, puerto rican, south & central american)"
839129,8104,14045,sing fai restaurant,"263 e gun hill road, ,",10467,restaurants,sing fei restaurant,263 e gun hill rd,10467,chinese
839355,8107,5223,island breezes ii,3634 white plains rd,10467,caribbean,ochie bekkle carribbean american kool restaurant,3634 white plains rd,10467,caribbean
839392,8107,6113,island breezes ii,3634 white plains rd,10467,caribbean,ochie bekkle carribbean american kool restaurant,3634 white plains rd,10467,caribbean
839921,8120,19893,aziza africa restaurant & catering svce,"3716 white plains rd, ,",10467,soup,maddy's african grill restaurant,3716 white plains rd,10467,african
840237,8126,10395,century chinese restaurant,"2861 white plains road, ,",10467,chinese,century chinese restaurant,2861 white plains road,10467,chinese
840251,8126,20077,century chinese restaurant,"2861 white plains road, ,",10467,chinese,century chinese restaurant,2861 white plains road,10467,chinese
840417,8129,3467,frank's pizza and pasta,"3770 white plains rd, ,",10467,pizza,franks pizza and pasta,3770 white plains rd,10467,pizza/italian
840516,8132,14045,18 gun hill pizza,"18 e gun hill rd, ,",10467,pizza,sing fei restaurant,263 e gun hill rd,10467,chinese
840547,8132,2215,18 gun hill pizza,"18 e gun hill rd, ,",10467,pizza,el encuentro restaurant bar corp,352 e gun hill rd,10467,"latin (cuban, dominican, puerto rican, south & central american)"
840662,8135,14045,new ming ling kitchen,"236 e gun hill rd, ,",10467,chinese,sing fei restaurant,263 e gun hill rd,10467,chinese
840693,8135,2215,new ming ling kitchen,"236 e gun hill rd, ,",10467,chinese,el encuentro restaurant bar corp,352 e gun hill rd,10467,"latin (cuban, dominican, puerto rican, south & central american)"
841209,8143,15044,papa john's pizza,362 e 204th st,10467,pizza,papa john's,362 e 204th st,10467,pizza
841538,8153,14045,pizza hut,765 e gun hill rd,10467,pizza,sing fei restaurant,263 e gun hill rd,10467,chinese
841569,8153,2215,pizza hut,765 e gun hill rd,10467,pizza,el encuentro restaurant bar corp,352 e gun hill rd,10467,"latin (cuban, dominican, puerto rican, south & central american)"
843338,8184,19686,jerome pizza,"21 bedford park blvd e, ,",10468,pizza,jerome's pizza & pasta,21 east bedford park boulevard e,10468,pizza
844622,8204,22319,number 8 chinese restaurant,"176 w fordham rd, ,",10468,chinese,new no.8 chinese restaurant,176 w fordham rd,10468,chinese
845233,8216,8219,giovanni gourmet catering,"80 w fordham rd, ,",10468,pizza caterers,giovanni's,80 w fordham rd,10468,pizza/italian
845299,8216,12968,giovanni gourmet catering,"80 w fordham rd, ,",10468,pizza caterers,giovanni's,80 w fordham rd,10468,pizza/italian
845912,8230,6578,joey pepperoni's pizza,"114 e fordham rd, ,",10468,pizza,joey pepperoni's pizza,114 e fordham rd,10468,pizza
845942,8230,470,joey pepperoni's pizza,"114 e fordham rd, ,",10468,pizza,joey pepperoni's pizza,114 e fordham rd,10468,pizza
846500,8242,36,7 spices carribean restaurant,"906 e gun hill rd, ,",10469,caribbean,ethics bar & lounge,1246 e gun hill rd,10469,caribbean
846505,8242,14128,7 spices carribean restaurant,"906 e gun hill rd, ,",10469,caribbean,ultimate grill,1343 e gun hill rd,10469,caribbean
846508,8242,10198,7 spices carribean restaurant,"906 e gun hill rd, ,",10469,caribbean,m and c foodz to go,1322a e gun hill rd,10469,caribbean
846519,8242,873,7 spices carribean restaurant,"906 e gun hill rd, ,",10469,caribbean,876 bar lounge,1320 e gun hill rd,10469,american
846521,8242,15712,7 spices carribean restaurant,"906 e gun hill rd, ,",10469,caribbean,ultimate grill,1343 e gun hill rd,10469,caribbean
846527,8242,7757,7 spices carribean restaurant,"906 e gun hill rd, ,",10469,caribbean,876 bar lounge,1320 e gun hill rd,10469,american
846538,8242,20542,7 spices carribean restaurant,"906 e gun hill rd, ,",10469,caribbean,876 bar lounge,1320 e gun hill rd,10469,american
846542,8242,18432,7 spices carribean restaurant,"906 e gun hill rd, ,",10469,caribbean,olive's homespice cuisine,1062 e gun hill rd,10469,caribbean
846550,8243,36,caridad and louie's restaurant,"1660 e gun hill rd, ,",10469,italian latin american spanish,ethics bar & lounge,1246 e gun hill rd,10469,caribbean
846555,8243,14128,caridad and louie's restaurant,"1660 e gun hill rd, ,",10469,italian latin american spanish,ultimate grill,1343 e gun hill rd,10469,caribbean
846558,8243,10198,caridad and louie's restaurant,"1660 e gun hill rd, ,",10469,italian latin american spanish,m and c foodz to go,1322a e gun hill rd,10469,caribbean
846569,8243,873,caridad and louie's restaurant,"1660 e gun hill rd, ,",10469,italian latin american spanish,876 bar lounge,1320 e gun hill rd,10469,american
846571,8243,15712,caridad and louie's restaurant,"1660 e gun hill rd, ,",10469,italian latin american spanish,ultimate grill,1343 e gun hill rd,10469,caribbean
846577,8243,7757,caridad and louie's restaurant,"1660 e gun hill rd, ,",10469,italian latin american spanish,876 bar lounge,1320 e gun hill rd,10469,american
846588,8243,20542,caridad and louie's restaurant,"1660 e gun hill rd, ,",10469,italian latin american spanish,876 bar lounge,1320 e gun hill rd,10469,american
846592,8243,18432,caridad and louie's restaurant,"1660 e gun hill rd, ,",10469,italian latin american spanish,olive's homespice cuisine,1062 e gun hill rd,10469,caribbean
846800,8252,36,mandarin wok restaurant,"1232 e gun hill rd, ,",10469,chinese,ethics bar & lounge,1246 e gun hill rd,10469,caribbean
846805,8252,14128,mandarin wok restaurant,"1232 e gun hill rd, ,",10469,chinese,ultimate grill,1343 e gun hill rd,10469,caribbean
846808,8252,10198,mandarin wok restaurant,"1232 e gun hill rd, ,",10469,chinese,m and c foodz to go,1322a e gun hill rd,10469,caribbean
846819,8252,873,mandarin wok restaurant,"1232 e gun hill rd, ,",10469,chinese,876 bar lounge,1320 e gun hill rd,10469,american
846821,8252,15712,mandarin wok restaurant,"1232 e gun hill rd, ,",10469,chinese,ultimate grill,1343 e gun hill rd,10469,caribbean
846827,8252,7757,mandarin wok restaurant,"1232 e gun hill rd, ,",10469,chinese,876 bar lounge,1320 e gun hill rd,10469,american
846838,8252,20542,mandarin wok restaurant,"1232 e gun hill rd, ,",10469,chinese,876 bar lounge,1320 e gun hill rd,10469,american
846842,8252,18432,mandarin wok restaurant,"1232 e gun hill rd, ,",10469,chinese,olive's homespice cuisine,1062 e gun hill rd,10469,caribbean
846900,8254,36,ultimate grill,"1345 e gun hill rd, ,",10469,caribbean,ethics bar & lounge,1246 e gun hill rd,10469,caribbean
846905,8254,14128,ultimate grill,"1345 e gun hill rd, ,",10469,caribbean,ultimate grill,1343 e gun hill rd,10469,caribbean
846908,8254,10198,ultimate grill,"1345 e gun hill rd, ,",10469,caribbean,m and c foodz to go,1322a e gun hill rd,10469,caribbean
846919,8254,873,ultimate grill,"1345 e gun hill rd, ,",10469,caribbean,876 bar lounge,1320 e gun hill rd,10469,american
846921,8254,15712,ultimate grill,"1345 e gun hill rd, ,",10469,caribbean,ultimate grill,1343 e gun hill rd,10469,caribbean
846927,8254,7757,ultimate grill,"1345 e gun hill rd, ,",10469,caribbean,876 bar lounge,1320 e gun hill rd,10469,american
846938,8254,20542,ultimate grill,"1345 e gun hill rd, ,",10469,caribbean,876 bar lounge,1320 e gun hill rd,10469,american
846942,8254,18432,ultimate grill,"1345 e gun hill rd, ,",10469,caribbean,olive's homespice cuisine,1062 e gun hill rd,10469,caribbean
847200,8265,36,pelham bay diner,"1920 e gun hill rd, ,",10469,diners american (new),ethics bar & lounge,1246 e gun hill rd,10469,caribbean
847205,8265,14128,pelham bay diner,"1920 e gun hill rd, ,",10469,diners american (new),ultimate grill,1343 e gun hill rd,10469,caribbean
847208,8265,10198,pelham bay diner,"1920 e gun hill rd, ,",10469,diners american (new),m and c foodz to go,1322a e gun hill rd,10469,caribbean
847219,8265,873,pelham bay diner,"1920 e gun hill rd, ,",10469,diners american (new),876 bar lounge,1320 e gun hill rd,10469,american
847221,8265,15712,pelham bay diner,"1920 e gun hill rd, ,",10469,diners american (new),ultimate grill,1343 e gun hill rd,10469,caribbean
847227,8265,7757,pelham bay diner,"1920 e gun hill rd, ,",10469,diners american (new),876 bar lounge,1320 e gun hill rd,10469,american
847238,8265,20542,pelham bay diner,"1920 e gun hill rd, ,",10469,diners american (new),876 bar lounge,1320 e gun hill rd,10469,american
847242,8265,18432,pelham bay diner,"1920 e gun hill rd, ,",10469,diners american (new),olive's homespice cuisine,1062 e gun hill rd,10469,caribbean
847250,8266,36,country boyz restaurant,"1182 e gun hill rd, ,",10469,caribbean fast food,ethics bar & lounge,1246 e gun hill rd,10469,caribbean
847255,8266,14128,country boyz restaurant,"1182 e gun hill rd, ,",10469,caribbean fast food,ultimate grill,1343 e gun hill rd,10469,caribbean
847258,8266,10198,country boyz restaurant,"1182 e gun hill rd, ,",10469,caribbean fast food,m and c foodz to go,1322a e gun hill rd,10469,caribbean
847269,8266,873,country boyz restaurant,"1182 e gun hill rd, ,",10469,caribbean fast food,876 bar lounge,1320 e gun hill rd,10469,american
847271,8266,15712,country boyz restaurant,"1182 e gun hill rd, ,",10469,caribbean fast food,ultimate grill,1343 e gun hill rd,10469,caribbean
847277,8266,7757,country boyz restaurant,"1182 e gun hill rd, ,",10469,caribbean fast food,876 bar lounge,1320 e gun hill rd,10469,american
847288,8266,20542,country boyz restaurant,"1182 e gun hill rd, ,",10469,caribbean fast food,876 bar lounge,1320 e gun hill rd,10469,american
847292,8266,18432,country boyz restaurant,"1182 e gun hill rd, ,",10469,caribbean fast food,olive's homespice cuisine,1062 e gun hill rd,10469,caribbean
847300,8267,36,d'angelos pizzeria,"902 e gun hill rd, ,",10469,pizza,ethics bar & lounge,1246 e gun hill rd,10469,caribbean
847305,8267,14128,d'angelos pizzeria,"902 e gun hill rd, ,",10469,pizza,ultimate grill,1343 e gun hill rd,10469,caribbean
847308,8267,10198,d'angelos pizzeria,"902 e gun hill rd, ,",10469,pizza,m and c foodz to go,1322a e gun hill rd,10469,caribbean
847319,8267,873,d'angelos pizzeria,"902 e gun hill rd, ,",10469,pizza,876 bar lounge,1320 e gun hill rd,10469,american
847321,8267,15712,d'angelos pizzeria,"902 e gun hill rd, ,",10469,pizza,ultimate grill,1343 e gun hill rd,10469,caribbean
847327,8267,7757,d'angelos pizzeria,"902 e gun hill rd, ,",10469,pizza,876 bar lounge,1320 e gun hill rd,10469,american
847338,8267,20542,d'angelos pizzeria,"902 e gun hill rd, ,",10469,pizza,876 bar lounge,1320 e gun hill rd,10469,american
847342,8267,18432,d'angelos pizzeria,"902 e gun hill rd, ,",10469,pizza,olive's homespice cuisine,1062 e gun hill rd,10469,caribbean
847550,8272,36,rk super heros,"978 e gun hill rd, ,",10469,sandwiches,ethics bar & lounge,1246 e gun hill rd,10469,caribbean
847555,8272,14128,rk super heros,"978 e gun hill rd, ,",10469,sandwiches,ultimate grill,1343 e gun hill rd,10469,caribbean
847558,8272,10198,rk super heros,"978 e gun hill rd, ,",10469,sandwiches,m and c foodz to go,1322a e gun hill rd,10469,caribbean
847569,8272,873,rk super heros,"978 e gun hill rd, ,",10469,sandwiches,876 bar lounge,1320 e gun hill rd,10469,american
847571,8272,15712,rk super heros,"978 e gun hill rd, ,",10469,sandwiches,ultimate grill,1343 e gun hill rd,10469,caribbean
847577,8272,7757,rk super heros,"978 e gun hill rd, ,",10469,sandwiches,876 bar lounge,1320 e gun hill rd,10469,american
847588,8272,20542,rk super heros,"978 e gun hill rd, ,",10469,sandwiches,876 bar lounge,1320 e gun hill rd,10469,american
847592,8272,18432,rk super heros,"978 e gun hill rd, ,",10469,sandwiches,olive's homespice cuisine,1062 e gun hill rd,10469,caribbean
847650,8274,36,mcdonald's,1212 e gun hill rd,10469,fast food burgers,ethics bar & lounge,1246 e gun hill rd,10469,caribbean
847655,8274,14128,mcdonald's,1212 e gun hill rd,10469,fast food burgers,ultimate grill,1343 e gun hill rd,10469,caribbean
847658,8274,10198,mcdonald's,1212 e gun hill rd,10469,fast food burgers,m and c foodz to go,1322a e gun hill rd,10469,caribbean
847669,8274,873,mcdonald's,1212 e gun hill rd,10469,fast food burgers,876 bar lounge,1320 e gun hill rd,10469,american
847671,8274,15712,mcdonald's,1212 e gun hill rd,10469,fast food burgers,ultimate grill,1343 e gun hill rd,10469,caribbean
847677,8274,7757,mcdonald's,1212 e gun hill rd,10469,fast food burgers,876 bar lounge,1320 e gun hill rd,10469,american
847688,8274,20542,mcdonald's,1212 e gun hill rd,10469,fast food burgers,876 bar lounge,1320 e gun hill rd,10469,american
847692,8274,18432,mcdonald's,1212 e gun hill rd,10469,fast food burgers,olive's homespice cuisine,1062 e gun hill rd,10469,caribbean
848250,8295,36,pelham garden motel,"1990 e gun hill rd, ,",10469,hotels,ethics bar & lounge,1246 e gun hill rd,10469,caribbean
848255,8295,14128,pelham garden motel,"1990 e gun hill rd, ,",10469,hotels,ultimate grill,1343 e gun hill rd,10469,caribbean
848258,8295,10198,pelham garden motel,"1990 e gun hill rd, ,",10469,hotels,m and c foodz to go,1322a e gun hill rd,10469,caribbean
848269,8295,873,pelham garden motel,"1990 e gun hill rd, ,",10469,hotels,876 bar lounge,1320 e gun hill rd,10469,american
848271,8295,15712,pelham garden motel,"1990 e gun hill rd, ,",10469,hotels,ultimate grill,1343 e gun hill rd,10469,caribbean
848277,8295,7757,pelham garden motel,"1990 e gun hill rd, ,",10469,hotels,876 bar lounge,1320 e gun hill rd,10469,american
848288,8295,20542,pelham garden motel,"1990 e gun hill rd, ,",10469,hotels,876 bar lounge,1320 e gun hill rd,10469,american
848292,8295,18432,pelham garden motel,"1990 e gun hill rd, ,",10469,hotels,olive's homespice cuisine,1062 e gun hill rd,10469,caribbean
848300,8296,36,golden star garden,"1380 e gun hill rd, ,",10469,chinese,ethics bar & lounge,1246 e gun hill rd,10469,caribbean
848305,8296,14128,golden star garden,"1380 e gun hill rd, ,",10469,chinese,ultimate grill,1343 e gun hill rd,10469,caribbean
848308,8296,10198,golden star garden,"1380 e gun hill rd, ,",10469,chinese,m and c foodz to go,1322a e gun hill rd,10469,caribbean
848319,8296,873,golden star garden,"1380 e gun hill rd, ,",10469,chinese,876 bar lounge,1320 e gun hill rd,10469,american
848321,8296,15712,golden star garden,"1380 e gun hill rd, ,",10469,chinese,ultimate grill,1343 e gun hill rd,10469,caribbean
848327,8296,7757,golden star garden,"1380 e gun hill rd, ,",10469,chinese,876 bar lounge,1320 e gun hill rd,10469,american
848338,8296,20542,golden star garden,"1380 e gun hill rd, ,",10469,chinese,876 bar lounge,1320 e gun hill rd,10469,american
848342,8296,18432,golden star garden,"1380 e gun hill rd, ,",10469,chinese,olive's homespice cuisine,1062 e gun hill rd,10469,caribbean
848500,8301,36,kfc,1125 e gun hill rd,10469,fast food chicken wings,ethics bar & lounge,1246 e gun hill rd,10469,caribbean
848505,8301,14128,kfc,1125 e gun hill rd,10469,fast food chicken wings,ultimate grill,1343 e gun hill rd,10469,caribbean
848508,8301,10198,kfc,1125 e gun hill rd,10469,fast food chicken wings,m and c foodz to go,1322a e gun hill rd,10469,caribbean
848519,8301,873,kfc,1125 e gun hill rd,10469,fast food chicken wings,876 bar lounge,1320 e gun hill rd,10469,american
848521,8301,15712,kfc,1125 e gun hill rd,10469,fast food chicken wings,ultimate grill,1343 e gun hill rd,10469,caribbean
848527,8301,7757,kfc,1125 e gun hill rd,10469,fast food chicken wings,876 bar lounge,1320 e gun hill rd,10469,american
848538,8301,20542,kfc,1125 e gun hill rd,10469,fast food chicken wings,876 bar lounge,1320 e gun hill rd,10469,american
848542,8301,18432,kfc,1125 e gun hill rd,10469,fast food chicken wings,olive's homespice cuisine,1062 e gun hill rd,10469,caribbean
848603,8304,3455,chillz,"4744 white plains rd, ,",10470,caribbean salad,chillz restaurant,4744 white plains rd,10470,caribbean
848997,8329,23071,kennedy fried chicken,"4718 white plains road, ,",10470,restaurants,kennedy fried chicken,4718 white plains road,10470,american
849295,8340,19865,barcelona bites,"220 w 242nd st, ,",10471,spanish latin american tapas bars,barcelona bites gastro club,220 w 242nd st,10471,"latin (cuban, dominican, puerto rican, south & central american)"
853009,8446,6475,caribe restaurant,"849 castle hill ave, ,",10473,caribbean,caribe restaurant,849 castle hill ave,10473,spanish
853019,8446,13391,caribe restaurant,"849 castle hill ave, ,",10473,caribbean,caribe restaurant,849 castle hill ave,10473,spanish
853483,8477,18079,fratelli's pizza cafe,"404 hunts point avenue, ,",10474,pizza,fratelli's pizza & cafe,404 hunts point avenue,10474,pizza/italian
853619,8485,18450,xin ya chinese restaurant,"898 hunts point ave, ,",10474,chinese,xin ya restaurant,898 hunts point ave,10474,chinese
853629,8485,7763,xin ya chinese restaurant,"898 hunts point ave, ,",10474,chinese,xin ya restaurant,898 hunts point ave,10474,chinese
855243,8710,2960,towers restaurant,"27248 grand central pkwy, ,",11005,diners,towers restaurant and catering,27248 grand central pkwy,11005,continental
855245,8710,16245,towers restaurant,"27248 grand central pkwy, ,",11005,diners,towers restaurant and catering,27248 grand central pkwy,11005,continental
855246,8710,9239,towers restaurant,"27248 grand central pkwy, ,",11005,diners,towers restaurant and catering,27248 grand central pkwy,11005,continental
855247,8710,13774,towers restaurant,"27248 grand central pkwy, ,",11005,diners,towers restaurant and catering,27248 grand central pkwy,11005,continental
983759,10399,284,lucky star restaurant,"13 marcus garvey blvd, ,",11206,caribbean,lucky star restaurant,13 marcus garvey blvd,11206,caribbean
1040354,11100,16198,fedoroff's roast pork,"178 n 10th st,",11211,sandwiches italian,fedoroff's roast pork,178 n 10th st,11211,sandwiches/salads/mixed buffet
1045310,11134,2963,shalom japan,"310 s 4th st, ,",11211,japanese,shalom japan,310 s 4th st,11211,american
1051247,11168,10678,wild ginger,"182 n 10th st, ,",11211,asian fusion vegan,wild ginger,182 n 10th st,11211,vegetarian
1068345,11307,18596,lucky star restaurant,"401 mother gaston blvd, ,",11212,american (new),401 lucky star restaurant,401 mother gaston blvd,11212,chinese
1070270,11349,12,fishnet 2,"345 e 98th st, ,",11212,fish & chips,fishnet fresh seafood,345 e 98th st,11212,seafood
1074289,11442,9995,new sing wah kitchen,1394 saint johns pl,11213,chinese,sing wah restaurant,1394 saint johns pl,11213,chinese
1075332,11459,3842,little saigon pearl,"9 bay 35th st, ,",11214,vietnamese,little saigon pearl,9 bay 35th st,11214,vietnamese/cambodian/malaysia
1082898,11540,5078,lulo's colombian restaurant & bakery,"7816 new utrecht ave, ,",11214,spanish bakeries,citlali coffee shop,7816 new utrecht ave,11214,mexican
1084573,11557,2875,orchid dynasty,"7706 new utrecht ave, ,",11214,chinese,orchid dynasty restaurant,7706 new utrecht ave,11214,chinese
1084639,11557,14728,orchid dynasty,"7706 new utrecht ave, ,",11214,chinese,orchid dynasty restaurant,7706 new utrecht ave,11214,chinese
1100736,11692,2291,krupa grocery,"231 prospect park w, ,",11215,bars coffee & tea american (new),krupa grocery,231 prospect park w,11215,american
1106946,11737,11682,brunswick cafe,"240 prospect park w, ,",11215,cafes breakfast & brunch,brunswick,240 prospect park w,11215,cafã©/coffee/tea
1107020,11737,2255,brunswick cafe,"240 prospect park w, ,",11215,cafes breakfast & brunch,brunswick prospect park west,240 prospect park w,11215,australian
1115993,11793,10662,peking kitchen,"271 prospect park w, ,",11215,chinese,kitchen thai,271 prospect park w,11215,thai
1125366,11853,18345,sushi yu,"214 prospect park w, ,",11215,sushi bars,sushi yu,214 prospect park w,11215,japanese
1125413,11853,14127,sushi yu,"214 prospect park w, ,",11215,sushi bars,sushi yu,214 prospect park w,11215,japanese
1130763,11896,10662,kitchen thai,"271 prospect park w, ,",11215,thai,kitchen thai,271 prospect park w,11215,thai
1160531,12270,119,el toro taqueria,"89 fort greene pl, ,",11217,mexican tex-mex,el toro taqueria,89 fort greene pl,11217,mexican
1160556,12270,5561,el toro taqueria,"89 fort greene pl, ,",11217,mexican tex-mex,el toro taqueria,89 fort greene pl,11217,mexican
1169925,12399,15212,piccoli,"157 a prospect park sw, ,",11218,italian,uncle louie g,157 prospect park sw,11218,"ice cream, gelato, yogurt, ices"
1172487,12445,13522,tacos el catrin,"265 e 7th st,",11218,mexican,tacos el catrin,265 e 7th st,11218,spanish
1174517,12479,15212,bene restaurant & pizzeria,"157 prospect park sw, ,",11218,pizza,uncle louie g,157 prospect park sw,11218,"ice cream, gelato, yogurt, ices"
1176394,12518,8798,hangout 58 hot pot grill & bar,"5816 fort hamilton pkwy, ,",11219,barbeque hot pot dim sum,hang out 58,5816 fort hamilton pkwy,11219,chinese
1176720,12524,12901,daniela's cafe,"3901 new utrecht ave, ,",11219,latin american cafes juice bars & smoothies,daniela's cafe,3901 new utrecht ave,11219,mexican
1177142,12532,5453,king's kitchen,"6005 fort hamilton pkwy, ,",11219,chinese,king's kitchen,6005 fort hamilton pkwy,11219,chinese
1177657,12539,15197,new lucky chinese restaurant,"6619 fort hamilton pkwy,",11219,cantonese,new lucky chinese restaurant,6619 fort hamilton pkwy,11219,chinese
1177673,12539,6285,new lucky chinese restaurant,"6619 fort hamilton pkwy,",11219,cantonese,new lucky chinese restaurant,6619 fort hamilton pkwy,11219,chinese
1177674,12539,3621,new lucky chinese restaurant,"6619 fort hamilton pkwy,",11219,cantonese,new lucky chinese restaurant,6619 fort hamilton pkwy,11219,chinese
1177679,12539,8752,new lucky chinese restaurant,"6619 fort hamilton pkwy,",11219,cantonese,new lucky chinese restaurant,6619 fort hamilton pkwy,11219,chinese
1177713,12539,20953,new lucky chinese restaurant,"6619 fort hamilton pkwy,",11219,cantonese,new lucky chinese restaurant,6619 fort hamilton pkwy,11219,chinese
1177731,12539,16048,new lucky chinese restaurant,"6619 fort hamilton pkwy,",11219,cantonese,new lucky chinese restaurant,6619 fort hamilton pkwy,11219,chinese
1178361,12551,3814,l & s bakery,"6302 new utrecht avenue, ,",11219,restaurants,d & s bakery,6302 new utrecht avenue,11219,chinese
